daily_record_id,daily_record_timestamp,student_id,mood_id,exercise_id,sleep_id,socialisation_id,productivity_score
377,2023-01-13 00:00:00,152,15,0,0,1,1
378,2023-01-29 00:00:00,152,18,0,0,1,1
386,2023-04-13 00:00:00,152,15,0,0,1,1
395,2023-07-13 00:00:00,152,15,0,0,1,1
454,2023-01-13 00:00:00,151,15,0,0,1,1
455,2023-01-29 00:00:00,151,18,0,0,1,1
463,2023-04-13 00:00:00,151,15,0,0,1,1
472,2023-07-13 00:00:00,151,15,0,0,1,1
528,2022-12-13 00:00:00,150,18,4,1,2,2
552,2023-08-13 00:00:00,150,14,1,1,3,1
562,2023-11-29 00:00:00,150,14,1,1,3,1
586,2024-08-11 00:00:00,150,14,1,1,3,1
589,2022-07-01 00:00:00,149,16,3,1,2,1
590,2022-07-13 00:00:00,149,16,3,1,5,2
609,2023-01-29 00:00:00,149,15,1,1,4,2
647,2024-02-13 00:00:00,149,17,3,1,3,2
654,2024-04-29 00:00:00,149,15,0,1,2,1
663,2024-08-11 00:00:00,149,14,2,1,4,2
665,2024-06-16 00:00:00,149,15,1,1,4,2
669,2022-08-01 00:00:00,148,16,1,1,5,2
723,2024-02-01 00:00:00,148,16,0,1,2,2
732,2024-05-01 00:00:00,148,18,3,1,4,1
734,2024-05-29 00:00:00,148,14,1,1,1,1
756,2022-11-13 00:00:00,147,16,3,1,4,2
757,2022-11-29 00:00:00,147,16,1,1,5,2
825,2022-08-29 00:00:00,146,16,4,1,5,1
828,2022-09-29 00:00:00,146,15,1,1,1,1
877,2024-02-01 00:00:00,146,14,2,1,1,2
885,2024-04-29 00:00:00,146,18,4,1,2,2
888,2024-05-29 00:00:00,146,17,4,1,1,1
901,2022-08-13 00:00:00,145,14,1,1,1,1
909,2022-11-01 00:00:00,145,16,0,1,1,1
914,2022-12-29 00:00:00,145,17,3,1,5,1
954,2024-02-01 00:00:00,145,14,2,1,1,2
962,2024-04-29 00:00:00,145,18,4,1,2,2
965,2024-05-29 00:00:00,145,17,4,1,1,1
978,2022-08-13 00:00:00,144,14,1,1,1,1
986,2022-11-01 00:00:00,144,16,0,1,1,1
991,2022-12-29 00:00:00,144,17,3,1,5,1
1031,2024-02-01 00:00:00,144,14,2,1,1,2
1039,2024-04-29 00:00:00,144,18,4,1,2,2
1042,2024-05-29 00:00:00,144,17,4,1,1,1
1070,2023-01-13 00:00:00,143,16,0,1,4,2
1111,2024-03-01 00:00:00,143,16,3,1,5,2
1112,2024-03-13 00:00:00,143,14,2,1,2,1
1143,2022-12-01 00:00:00,142,15,0,1,2,1
1187,2024-02-29 00:00:00,142,16,0,1,5,2
1197,2024-06-01 00:00:00,142,14,2,1,4,2
1199,2024-06-29 00:00:00,142,17,3,1,4,1
1204,2024-06-16 00:00:00,142,17,4,1,5,1
430,2024-08-09 00:00:00,152,15,4,2,4,4
432,2024-08-11 00:00:00,152,17,3,2,5,4
507,2024-08-09 00:00:00,151,15,4,2,4,4
509,2024-08-11 00:00:00,151,17,3,2,5,4
524,2022-11-01 00:00:00,150,18,4,2,3,1
537,2023-03-13 00:00:00,150,14,2,2,4,1
548,2023-07-01 00:00:00,150,17,4,2,2,2
549,2023-07-13 00:00:00,150,15,2,2,1,2
558,2023-10-13 00:00:00,150,17,4,2,2,2
559,2023-10-29 00:00:00,150,15,2,2,1,2
571,2024-02-29 00:00:00,150,14,2,2,4,1
582,2024-06-13 00:00:00,150,17,4,2,2,2
583,2024-06-29 00:00:00,150,15,2,2,1,2
602,2022-11-13 00:00:00,149,16,4,2,3,1
603,2022-11-29 00:00:00,149,16,2,2,4,2
606,2022-12-29 00:00:00,149,14,1,2,2,1
608,2023-01-13 00:00:00,149,16,0,2,3,2
651,2024-03-29 00:00:00,149,14,0,2,3,2
664,2024-08-14 00:00:00,149,14,0,2,4,2
681,2022-12-01 00:00:00,148,17,4,2,2,1
684,2023-01-01 00:00:00,148,16,1,2,3,2
746,2022-08-01 00:00:00,147,14,1,2,2,1
749,2022-09-01 00:00:00,147,14,1,2,5,1
759,2022-12-13 00:00:00,147,17,4,2,4,2
800,2024-02-01 00:00:00,147,15,2,2,1,1
805,2024-03-29 00:00:00,147,16,4,2,2,2
809,2024-05-01 00:00:00,147,16,2,2,5,1
818,2024-08-14 00:00:00,147,17,3,2,1,2
822,2022-07-29 00:00:00,146,16,2,2,3,1
876,2024-01-29 00:00:00,146,16,0,2,5,2
878,2024-02-13 00:00:00,146,16,4,2,2,2
886,2024-05-01 00:00:00,146,14,2,2,3,1
887,2024-05-13 00:00:00,146,14,2,2,5,1
896,2024-06-16 00:00:00,146,16,4,2,2,2
905,2022-09-29 00:00:00,145,17,4,2,2,2
910,2022-11-13 00:00:00,145,14,1,2,2,2
953,2024-01-29 00:00:00,145,16,0,2,5,2
955,2024-02-13 00:00:00,145,16,4,2,2,2
963,2024-05-01 00:00:00,145,14,2,2,3,1
964,2024-05-13 00:00:00,145,14,2,2,5,1
973,2024-06-16 00:00:00,145,16,4,2,2,2
982,2022-09-29 00:00:00,144,17,4,2,2,2
987,2022-11-13 00:00:00,144,14,1,2,2,2
1030,2024-01-29 00:00:00,144,16,0,2,5,2
1032,2024-02-13 00:00:00,144,16,4,2,2,2
1040,2024-05-01 00:00:00,144,14,2,2,3,1
1041,2024-05-13 00:00:00,144,14,2,2,5,1
1050,2024-06-16 00:00:00,144,16,4,2,2,2
1051,2022-07-01 00:00:00,143,15,2,2,5,2
1062,2022-10-29 00:00:00,143,18,3,2,4,2
1107,2024-01-29 00:00:00,143,16,4,2,2,2
1108,2024-02-01 00:00:00,143,16,2,2,4,1
1113,2024-03-29 00:00:00,143,17,4,2,2,1
1117,2024-05-01 00:00:00,143,16,3,2,1,1
1131,2022-08-01 00:00:00,142,17,3,2,5,1
1132,2022-08-13 00:00:00,142,16,4,2,1,2
1135,2022-09-13 00:00:00,142,14,2,2,3,1
1184,2024-01-29 00:00:00,142,16,1,2,3,1
1188,2024-03-01 00:00:00,142,16,2,2,5,2
1189,2024-03-13 00:00:00,142,18,4,2,4,1
1203,2024-08-14 00:00:00,142,17,4,2,3,2
414,2024-01-29 00:00:00,152,16,3,3,4,2
433,2024-08-14 00:00:00,152,17,2,3,4,5
491,2024-01-29 00:00:00,151,16,3,3,4,2
510,2024-08-14 00:00:00,151,17,2,3,4,5
514,2022-07-29 00:00:00,150,17,4,3,1,2
516,2022-08-13 00:00:00,150,16,1,3,5,2
520,2022-09-29 00:00:00,150,17,2,3,4,1
522,2022-10-13 00:00:00,150,16,4,3,3,2
526,2022-11-29 00:00:00,150,14,0,3,4,2
532,2023-01-29 00:00:00,150,15,2,3,5,1
536,2023-03-01 00:00:00,150,17,0,3,3,1
543,2023-05-13 00:00:00,150,18,4,3,2,2
544,2023-05-29 00:00:00,150,18,1,3,5,1
550,2023-07-29 00:00:00,150,15,1,3,5,2
551,2023-08-01 00:00:00,150,15,0,3,1,1
553,2023-08-29 00:00:00,150,18,4,3,3,1
554,2023-09-01 00:00:00,150,18,1,3,2,2
560,2023-11-01 00:00:00,150,15,1,3,5,2
561,2023-11-13 00:00:00,150,15,0,3,1,1
563,2023-12-01 00:00:00,150,18,4,3,3,1
564,2023-12-13 00:00:00,150,18,1,3,2,2
570,2024-02-13 00:00:00,150,17,0,3,3,1
577,2024-04-29 00:00:00,150,18,4,3,2,2
578,2024-05-01 00:00:00,150,18,1,3,5,1
584,2024-08-09 00:00:00,150,15,1,3,5,2
585,2024-08-10 00:00:00,150,15,0,3,1,1
587,2024-08-14 00:00:00,150,18,4,3,3,1
588,2024-06-16 00:00:00,150,18,1,3,2,2
591,2022-07-29 00:00:00,149,17,1,3,5,1
592,2022-08-01 00:00:00,149,16,2,3,3,1
600,2022-10-29 00:00:00,149,15,0,3,5,2
607,2023-01-01 00:00:00,149,18,0,3,2,1
645,2024-01-29 00:00:00,149,16,1,3,1,1
648,2024-02-29 00:00:00,149,17,2,3,3,2
652,2024-04-01 00:00:00,149,18,4,3,4,2
659,2024-06-13 00:00:00,149,15,2,3,2,1
660,2024-06-29 00:00:00,149,17,3,3,2,1
661,2024-08-09 00:00:00,149,17,0,3,4,1
666,2022-07-01 00:00:00,148,15,1,3,4,2
672,2022-09-01 00:00:00,148,18,0,3,1,2
677,2022-10-29 00:00:00,148,16,4,3,2,2
678,2022-11-01 00:00:00,148,14,1,3,2,2
679,2022-11-13 00:00:00,148,18,2,3,3,1
682,2022-12-13 00:00:00,148,16,3,3,4,1
686,2023-01-29 00:00:00,148,17,4,3,3,1
730,2024-04-13 00:00:00,148,16,0,3,3,2
738,2024-08-09 00:00:00,148,16,4,3,5,2
739,2024-08-10 00:00:00,148,14,1,3,5,1
742,2024-06-16 00:00:00,148,16,0,3,1,1
747,2022-08-13 00:00:00,147,17,3,3,1,2
748,2022-08-29 00:00:00,147,18,1,3,2,2
754,2022-10-29 00:00:00,147,16,1,3,3,1
758,2022-12-01 00:00:00,147,16,4,3,3,2
761,2023-01-01 00:00:00,147,16,3,3,2,2
803,2024-03-01 00:00:00,147,15,2,3,1,2
808,2024-04-29 00:00:00,147,15,1,3,4,2
810,2024-05-13 00:00:00,147,14,2,3,1,2
813,2024-06-13 00:00:00,147,17,4,3,3,1
815,2024-08-09 00:00:00,147,18,0,3,4,2
817,2024-08-11 00:00:00,147,18,1,3,3,1
820,2022-07-01 00:00:00,146,18,4,3,5,2
821,2022-07-13 00:00:00,146,18,0,3,4,1
823,2022-08-01 00:00:00,146,14,2,3,3,2
827,2022-09-13 00:00:00,146,16,2,3,3,2
830,2022-10-13 00:00:00,146,18,1,3,2,1
838,2023-01-01 00:00:00,146,16,1,3,2,1
879,2024-02-29 00:00:00,146,17,2,3,2,1
891,2024-06-29 00:00:00,146,14,0,3,3,1
892,2024-08-09 00:00:00,146,17,3,3,5,2
895,2024-08-14 00:00:00,146,18,0,3,5,1
897,2022-07-01 00:00:00,145,14,1,3,5,2
900,2022-08-01 00:00:00,145,16,4,3,2,1
904,2022-09-13 00:00:00,145,17,2,3,2,1
911,2022-11-29 00:00:00,145,17,3,3,5,1
915,2023-01-01 00:00:00,145,15,1,3,1,1
956,2024-02-29 00:00:00,145,17,2,3,2,1
968,2024-06-29 00:00:00,145,14,0,3,3,1
969,2024-08-09 00:00:00,145,17,3,3,5,2
972,2024-08-14 00:00:00,145,18,0,3,5,1
974,2022-07-01 00:00:00,144,14,1,3,5,2
977,2022-08-01 00:00:00,144,16,4,3,2,1
981,2022-09-13 00:00:00,144,17,2,3,2,1
988,2022-11-29 00:00:00,144,17,3,3,5,1
992,2023-01-01 00:00:00,144,15,1,3,1,1
1033,2024-02-29 00:00:00,144,17,2,3,2,1
1045,2024-06-29 00:00:00,144,14,0,3,3,1
1046,2024-08-09 00:00:00,144,17,3,3,5,2
1049,2024-08-14 00:00:00,144,18,0,3,5,1
1055,2022-08-13 00:00:00,143,18,2,3,2,2
1058,2022-09-13 00:00:00,143,17,1,3,1,2
1063,2022-11-01 00:00:00,143,17,4,3,3,2
1064,2022-11-13 00:00:00,143,17,2,3,5,1
1065,2022-11-29 00:00:00,143,15,1,3,3,1
1109,2024-02-13 00:00:00,143,18,4,3,1,1
1114,2024-04-01 00:00:00,143,16,3,3,2,2
1115,2024-04-13 00:00:00,143,17,2,3,2,2
1120,2024-06-01 00:00:00,143,18,0,3,2,1
1127,2024-06-16 00:00:00,143,14,2,3,2,1
1129,2022-07-13 00:00:00,142,15,0,3,3,2
1133,2022-08-29 00:00:00,142,18,1,3,4,2
1134,2022-09-01 00:00:00,142,15,0,3,1,1
1138,2022-10-13 00:00:00,142,16,4,3,3,1
1190,2024-03-29 00:00:00,142,16,3,3,4,1
1192,2024-04-13 00:00:00,142,18,0,3,2,1
1198,2024-06-13 00:00:00,142,18,0,3,5,1
1200,2024-08-09 00:00:00,142,16,2,3,2,1
1201,2024-08-10 00:00:00,142,17,1,3,1,2
358,2022-07-01 00:00:00,152,17,4,4,5,5
359,2022-07-13 00:00:00,152,17,4,4,5,5
360,2022-07-29 00:00:00,152,14,4,4,3,5
361,2022-08-01 00:00:00,152,17,4,4,5,5
362,2022-08-13 00:00:00,152,17,4,4,5,5
363,2022-08-29 00:00:00,152,17,4,4,4,5
364,2022-09-01 00:00:00,152,17,4,4,5,5
365,2022-09-13 00:00:00,152,16,2,4,5,5
366,2022-09-29 00:00:00,152,17,4,4,5,5
367,2022-10-01 00:00:00,152,17,4,4,5,5
368,2022-10-13 00:00:00,152,17,4,4,5,5
369,2022-10-29 00:00:00,152,15,0,4,3,3
370,2022-11-01 00:00:00,152,17,4,4,5,5
371,2022-11-13 00:00:00,152,17,4,4,5,5
372,2022-11-29 00:00:00,152,17,4,4,5,5
373,2022-12-01 00:00:00,152,17,4,4,5,5
374,2022-12-13 00:00:00,152,17,4,4,5,5
375,2022-12-29 00:00:00,152,17,4,4,5,5
376,2023-01-01 00:00:00,152,17,4,4,5,5
379,2023-02-01 00:00:00,152,14,4,4,5,5
380,2023-02-13 00:00:00,152,17,4,4,5,5
381,2023-02-27 00:00:00,152,17,4,4,5,5
382,2023-03-01 00:00:00,152,17,4,4,5,5
383,2023-03-13 00:00:00,152,17,4,4,5,5
384,2023-03-29 00:00:00,152,17,4,4,5,5
385,2023-04-01 00:00:00,152,17,4,4,5,5
387,2023-04-29 00:00:00,152,17,4,4,5,5
388,2023-05-01 00:00:00,152,17,3,4,5,5
389,2023-05-13 00:00:00,152,17,4,4,5,5
390,2023-05-29 00:00:00,152,17,4,4,5,5
391,2023-06-01 00:00:00,152,17,4,4,5,5
392,2023-06-13 00:00:00,152,17,4,4,5,5
393,2023-06-29 00:00:00,152,14,4,4,4,5
394,2023-07-01 00:00:00,152,14,4,4,5,5
396,2023-07-29 00:00:00,152,17,4,4,5,5
397,2023-08-01 00:00:00,152,17,4,4,5,5
398,2023-08-13 00:00:00,152,17,4,4,5,5
399,2023-08-29 00:00:00,152,17,4,4,5,5
400,2023-09-01 00:00:00,152,17,4,4,5,5
401,2023-09-13 00:00:00,152,17,4,4,5,5
402,2023-09-29 00:00:00,152,17,4,4,5,5
403,2023-10-01 00:00:00,152,17,4,4,5,5
404,2023-10-13 00:00:00,152,17,4,4,5,5
405,2023-10-29 00:00:00,152,16,1,4,1,5
406,2023-11-01 00:00:00,152,17,4,4,5,5
407,2023-11-13 00:00:00,152,17,4,4,5,5
408,2023-11-29 00:00:00,152,17,4,4,5,5
409,2023-12-01 00:00:00,152,17,4,4,3,5
410,2023-12-13 00:00:00,152,17,4,4,5,5
411,2023-12-29 00:00:00,152,17,4,4,5,5
412,2024-01-01 00:00:00,152,17,3,4,5,5
413,2024-01-13 00:00:00,152,17,4,4,5,5
415,2024-02-01 00:00:00,152,17,4,4,5,5
416,2024-02-13 00:00:00,152,17,4,4,5,5
417,2024-02-29 00:00:00,152,17,4,4,5,5
418,2024-03-01 00:00:00,152,14,4,4,5,5
419,2024-03-13 00:00:00,152,17,4,4,5,5
420,2024-03-29 00:00:00,152,17,3,4,5,2
421,2024-04-01 00:00:00,152,16,4,4,5,5
422,2024-04-13 00:00:00,152,17,4,4,5,5
423,2024-04-29 00:00:00,152,17,4,4,5,5
424,2024-05-01 00:00:00,152,17,4,4,5,5
425,2024-05-13 00:00:00,152,17,4,4,5,5
426,2024-05-29 00:00:00,152,17,1,4,5,5
427,2024-06-01 00:00:00,152,17,4,4,5,5
428,2024-06-13 00:00:00,152,17,4,4,5,5
429,2024-06-29 00:00:00,152,17,4,4,5,5
431,2024-08-10 00:00:00,152,14,4,4,4,3
434,2024-06-16 00:00:00,152,16,4,4,3,4
435,2022-07-01 00:00:00,151,17,4,4,5,5
436,2022-07-13 00:00:00,151,17,4,4,5,5
437,2022-07-29 00:00:00,151,14,4,4,3,5
438,2022-08-01 00:00:00,151,17,4,4,5,5
439,2022-08-13 00:00:00,151,17,4,4,5,5
440,2022-08-29 00:00:00,151,17,4,4,4,5
441,2022-09-01 00:00:00,151,17,4,4,5,5
442,2022-09-13 00:00:00,151,16,2,4,5,5
443,2022-09-29 00:00:00,151,17,4,4,5,5
444,2022-10-01 00:00:00,151,17,4,4,5,5
445,2022-10-13 00:00:00,151,17,4,4,5,5
446,2022-10-29 00:00:00,151,15,0,4,3,3
447,2022-11-01 00:00:00,151,17,4,4,5,5
448,2022-11-13 00:00:00,151,17,4,4,5,5
449,2022-11-29 00:00:00,151,17,4,4,5,5
450,2022-12-01 00:00:00,151,17,4,4,5,5
451,2022-12-13 00:00:00,151,17,4,4,5,5
452,2022-12-29 00:00:00,151,17,4,4,5,5
453,2023-01-01 00:00:00,151,17,4,4,5,5
456,2023-02-01 00:00:00,151,14,4,4,5,5
457,2023-02-13 00:00:00,151,17,4,4,5,5
458,2023-02-27 00:00:00,151,17,4,4,5,5
459,2023-03-01 00:00:00,151,17,4,4,5,5
460,2023-03-13 00:00:00,151,17,4,4,5,5
461,2023-03-29 00:00:00,151,17,4,4,5,5
462,2023-04-01 00:00:00,151,17,4,4,5,5
464,2023-04-29 00:00:00,151,17,4,4,5,5
465,2023-05-01 00:00:00,151,17,3,4,5,5
466,2023-05-13 00:00:00,151,17,4,4,5,5
467,2023-05-29 00:00:00,151,17,4,4,5,5
468,2023-06-01 00:00:00,151,17,4,4,5,5
469,2023-06-13 00:00:00,151,17,4,4,5,5
470,2023-06-29 00:00:00,151,14,4,4,4,5
471,2023-07-01 00:00:00,151,14,4,4,5,5
473,2023-07-29 00:00:00,151,17,4,4,5,5
474,2023-08-01 00:00:00,151,17,4,4,5,5
475,2023-08-13 00:00:00,151,17,4,4,5,5
476,2023-08-29 00:00:00,151,17,4,4,5,5
477,2023-09-01 00:00:00,151,17,4,4,5,5
478,2023-09-13 00:00:00,151,17,4,4,5,5
479,2023-09-29 00:00:00,151,17,4,4,5,5
480,2023-10-01 00:00:00,151,17,4,4,5,5
481,2023-10-13 00:00:00,151,17,4,4,5,5
482,2023-10-29 00:00:00,151,16,1,4,1,5
483,2023-11-01 00:00:00,151,17,4,4,5,5
484,2023-11-13 00:00:00,151,17,4,4,5,5
485,2023-11-29 00:00:00,151,17,4,4,5,5
486,2023-12-01 00:00:00,151,17,4,4,3,5
487,2023-12-13 00:00:00,151,17,4,4,5,5
488,2023-12-29 00:00:00,151,17,4,4,5,5
489,2024-01-01 00:00:00,151,17,3,4,5,5
490,2024-01-13 00:00:00,151,17,4,4,5,5
492,2024-02-01 00:00:00,151,17,4,4,5,5
493,2024-02-13 00:00:00,151,17,4,4,5,5
494,2024-02-29 00:00:00,151,17,4,4,5,5
495,2024-03-01 00:00:00,151,14,4,4,5,5
496,2024-03-13 00:00:00,151,17,4,4,5,5
497,2024-03-29 00:00:00,151,17,3,4,5,2
498,2024-04-01 00:00:00,151,16,4,4,5,5
499,2024-04-13 00:00:00,151,17,4,4,5,5
500,2024-04-29 00:00:00,151,17,4,4,5,5
501,2024-05-01 00:00:00,151,17,4,4,5,5
502,2024-05-13 00:00:00,151,17,4,4,5,5
503,2024-05-29 00:00:00,151,17,1,4,5,5
504,2024-06-01 00:00:00,151,17,4,4,5,5
505,2024-06-13 00:00:00,151,17,4,4,5,5
506,2024-06-29 00:00:00,151,17,4,4,5,5
508,2024-08-10 00:00:00,151,14,4,4,4,3
511,2024-06-16 00:00:00,151,16,4,4,3,4
512,2022-07-01 00:00:00,150,18,1,4,5,4
515,2022-08-01 00:00:00,150,18,2,4,5,5
519,2022-09-13 00:00:00,150,18,3,4,2,5
527,2022-12-01 00:00:00,150,16,3,4,4,4
529,2022-12-29 00:00:00,150,17,0,4,3,4
531,2023-01-13 00:00:00,150,18,4,4,5,5
534,2023-02-13 00:00:00,150,17,3,4,3,5
539,2023-04-01 00:00:00,150,18,3,4,5,5
542,2023-05-01 00:00:00,150,16,4,4,3,5
545,2023-06-01 00:00:00,150,17,4,4,3,4
546,2023-06-13 00:00:00,150,17,1,4,4,4
555,2023-09-13 00:00:00,150,17,4,4,3,4
556,2023-09-29 00:00:00,150,17,1,4,4,4
565,2023-12-29 00:00:00,150,17,4,4,3,4
566,2024-01-01 00:00:00,150,17,1,4,4,4
568,2024-01-29 00:00:00,150,17,3,4,3,5
573,2024-03-13 00:00:00,150,18,3,4,5,5
576,2024-04-13 00:00:00,150,16,4,4,3,5
579,2024-05-13 00:00:00,150,17,4,4,3,4
580,2024-05-29 00:00:00,150,17,1,4,4,4
594,2022-08-29 00:00:00,149,16,4,4,4,4
597,2022-09-29 00:00:00,149,16,4,4,5,5
598,2022-10-01 00:00:00,149,16,0,4,1,5
601,2022-11-01 00:00:00,149,18,4,4,3,5
610,2023-02-01 00:00:00,149,16,1,4,5,5
611,2023-02-13 00:00:00,149,16,1,4,5,5
612,2023-02-27 00:00:00,149,17,4,4,5,5
613,2023-03-01 00:00:00,149,17,4,4,5,5
614,2023-03-13 00:00:00,149,17,4,4,5,5
615,2023-03-29 00:00:00,149,17,4,4,5,5
616,2023-04-01 00:00:00,149,17,4,4,5,5
617,2023-04-13 00:00:00,149,17,4,4,5,5
618,2023-04-29 00:00:00,149,17,4,4,5,5
619,2023-05-01 00:00:00,149,17,4,4,5,5
620,2023-05-13 00:00:00,149,17,4,4,5,5
621,2023-05-29 00:00:00,149,17,4,4,5,5
622,2023-06-01 00:00:00,149,17,4,4,5,5
623,2023-06-13 00:00:00,149,17,4,4,5,5
624,2023-06-29 00:00:00,149,17,4,4,5,5
625,2023-07-01 00:00:00,149,17,4,4,5,5
626,2023-07-13 00:00:00,149,17,4,4,5,5
627,2023-07-29 00:00:00,149,17,4,4,5,5
628,2023-08-01 00:00:00,149,17,4,4,5,5
629,2023-08-13 00:00:00,149,17,4,4,5,5
630,2023-08-29 00:00:00,149,17,4,4,5,5
631,2023-09-01 00:00:00,149,17,4,4,5,5
632,2023-09-13 00:00:00,149,17,4,4,5,5
633,2023-09-29 00:00:00,149,17,4,4,5,5
634,2023-10-01 00:00:00,149,17,4,4,5,5
635,2023-10-13 00:00:00,149,17,4,4,5,5
636,2023-10-29 00:00:00,149,17,4,4,5,5
637,2023-11-01 00:00:00,149,17,4,4,5,5
638,2023-11-13 00:00:00,149,17,4,4,5,5
639,2023-11-29 00:00:00,149,17,4,4,5,5
640,2023-12-01 00:00:00,149,17,4,4,5,5
641,2023-12-13 00:00:00,149,17,4,4,5,5
642,2023-12-29 00:00:00,149,17,4,4,5,5
643,2024-01-01 00:00:00,149,17,4,4,5,5
644,2024-01-13 00:00:00,149,17,4,4,5,5
646,2024-02-01 00:00:00,149,17,4,4,5,4
653,2024-04-13 00:00:00,149,15,2,4,2,5
655,2024-05-01 00:00:00,149,18,4,4,1,4
656,2024-05-13 00:00:00,149,18,4,4,2,5
657,2024-05-29 00:00:00,149,14,0,4,1,5
658,2024-06-01 00:00:00,149,17,0,4,5,4
662,2024-08-10 00:00:00,149,14,2,4,2,4
668,2022-07-29 00:00:00,148,18,3,4,4,5
670,2022-08-13 00:00:00,148,18,3,4,5,4
680,2022-11-29 00:00:00,148,18,0,4,4,5
683,2022-12-29 00:00:00,148,18,4,4,2,5
685,2023-01-13 00:00:00,148,18,0,4,5,4
687,2023-02-01 00:00:00,148,17,4,4,5,5
688,2023-02-13 00:00:00,148,17,4,4,5,5
689,2023-02-27 00:00:00,148,17,4,4,5,5
690,2023-03-01 00:00:00,148,17,4,4,5,5
691,2023-03-13 00:00:00,148,17,4,4,5,5
692,2023-03-29 00:00:00,148,17,4,4,5,5
693,2023-04-01 00:00:00,148,17,4,4,5,5
694,2023-04-13 00:00:00,148,17,4,4,5,5
695,2023-04-29 00:00:00,148,17,4,4,5,5
696,2023-05-01 00:00:00,148,17,4,4,5,5
697,2023-05-13 00:00:00,148,17,4,4,5,5
698,2023-05-29 00:00:00,148,17,4,4,5,5
699,2023-06-01 00:00:00,148,17,4,4,5,5
700,2023-06-13 00:00:00,148,17,4,4,5,5
701,2023-06-29 00:00:00,148,17,4,4,5,5
702,2023-07-01 00:00:00,148,17,4,4,5,5
703,2023-07-13 00:00:00,148,17,4,4,5,5
704,2023-07-29 00:00:00,148,17,4,4,5,5
705,2023-08-01 00:00:00,148,17,4,4,5,5
706,2023-08-13 00:00:00,148,17,4,4,5,5
707,2023-08-29 00:00:00,148,17,4,4,5,5
708,2023-09-01 00:00:00,148,17,4,4,5,5
709,2023-09-13 00:00:00,148,17,4,4,5,5
710,2023-09-29 00:00:00,148,17,4,4,5,5
711,2023-10-01 00:00:00,148,17,4,4,5,5
712,2023-10-13 00:00:00,148,17,4,4,5,5
713,2023-10-29 00:00:00,148,17,4,4,5,5
714,2023-11-01 00:00:00,148,17,4,4,5,5
715,2023-11-13 00:00:00,148,17,4,4,5,5
716,2023-11-29 00:00:00,148,17,4,4,5,5
717,2023-12-01 00:00:00,148,17,4,4,5,5
718,2023-12-13 00:00:00,148,17,4,4,5,5
719,2023-12-29 00:00:00,148,17,4,4,5,5
720,2024-01-01 00:00:00,148,17,4,4,5,5
721,2024-01-13 00:00:00,148,17,4,4,5,5
722,2024-01-29 00:00:00,148,16,3,4,5,5
724,2024-02-13 00:00:00,148,18,2,4,1,5
725,2024-02-29 00:00:00,148,18,2,4,3,5
726,2024-03-01 00:00:00,148,16,4,4,3,4
727,2024-03-13 00:00:00,148,18,4,4,4,5
729,2024-04-01 00:00:00,148,17,0,4,2,5
731,2024-04-29 00:00:00,148,16,2,4,3,5
735,2024-06-01 00:00:00,148,17,2,4,4,4
736,2024-06-13 00:00:00,148,15,1,4,1,5
737,2024-06-29 00:00:00,148,18,3,4,4,4
750,2022-09-13 00:00:00,147,17,0,4,4,5
760,2022-12-29 00:00:00,147,17,3,4,5,4
762,2023-01-13 00:00:00,147,18,1,4,1,5
763,2023-01-29 00:00:00,147,14,0,4,4,4
764,2023-02-01 00:00:00,147,17,4,4,5,5
765,2023-02-13 00:00:00,147,17,4,4,5,5
766,2023-02-27 00:00:00,147,17,4,4,5,5
767,2023-03-01 00:00:00,147,17,4,4,5,5
768,2023-03-13 00:00:00,147,17,4,4,5,5
769,2023-03-29 00:00:00,147,17,4,4,5,5
770,2023-04-01 00:00:00,147,17,4,4,5,5
771,2023-04-13 00:00:00,147,17,4,4,5,5
772,2023-04-29 00:00:00,147,17,4,4,5,5
773,2023-05-01 00:00:00,147,17,4,4,5,5
774,2023-05-13 00:00:00,147,17,4,4,5,5
775,2023-05-29 00:00:00,147,17,4,4,5,5
776,2023-06-01 00:00:00,147,17,4,4,5,5
777,2023-06-13 00:00:00,147,17,4,4,5,5
778,2023-06-29 00:00:00,147,17,4,4,5,5
779,2023-07-01 00:00:00,147,17,4,4,5,5
780,2023-07-13 00:00:00,147,17,4,4,5,5
781,2023-07-29 00:00:00,147,17,4,4,5,5
782,2023-08-01 00:00:00,147,17,4,4,5,5
783,2023-08-13 00:00:00,147,17,4,4,5,5
784,2023-08-29 00:00:00,147,17,4,4,5,5
785,2023-09-01 00:00:00,147,17,4,4,5,5
786,2023-09-13 00:00:00,147,17,4,4,5,5
787,2023-09-29 00:00:00,147,17,4,4,5,5
788,2023-10-01 00:00:00,147,17,4,4,5,5
789,2023-10-13 00:00:00,147,17,4,4,5,5
790,2023-10-29 00:00:00,147,17,4,4,5,5
791,2023-11-01 00:00:00,147,17,4,4,5,5
792,2023-11-13 00:00:00,147,17,4,4,5,5
793,2023-11-29 00:00:00,147,17,4,4,5,5
794,2023-12-01 00:00:00,147,17,4,4,5,5
795,2023-12-13 00:00:00,147,17,4,4,5,5
796,2023-12-29 00:00:00,147,17,4,4,5,5
797,2024-01-01 00:00:00,147,17,4,4,5,5
798,2024-01-13 00:00:00,147,17,4,4,5,5
799,2024-01-29 00:00:00,147,17,1,4,3,4
802,2024-02-29 00:00:00,147,18,2,4,2,4
804,2024-03-13 00:00:00,147,16,4,4,2,5
807,2024-04-13 00:00:00,147,17,2,4,2,5
811,2024-05-29 00:00:00,147,18,4,4,2,5
814,2024-06-29 00:00:00,147,17,1,4,3,5
819,2024-06-16 00:00:00,147,18,1,4,3,4
824,2022-08-13 00:00:00,146,17,4,4,3,4
826,2022-09-01 00:00:00,146,14,2,4,4,5
829,2022-10-01 00:00:00,146,17,1,4,4,5
832,2022-11-01 00:00:00,146,16,3,4,3,4
836,2022-12-13 00:00:00,146,16,2,4,1,4
837,2022-12-29 00:00:00,146,16,3,4,2,5
840,2023-01-29 00:00:00,146,17,3,4,5,5
841,2023-02-01 00:00:00,146,17,4,4,5,5
842,2023-02-13 00:00:00,146,17,4,4,5,5
843,2023-02-27 00:00:00,146,17,4,4,5,5
844,2023-03-01 00:00:00,146,17,4,4,5,5
845,2023-03-13 00:00:00,146,17,4,4,5,5
846,2023-03-29 00:00:00,146,17,4,4,5,5
847,2023-04-01 00:00:00,146,17,4,4,5,5
848,2023-04-13 00:00:00,146,17,4,4,5,5
849,2023-04-29 00:00:00,146,17,4,4,5,5
850,2023-05-01 00:00:00,146,17,4,4,5,5
851,2023-05-13 00:00:00,146,17,4,4,5,5
852,2023-05-29 00:00:00,146,17,4,4,5,5
853,2023-06-01 00:00:00,146,17,4,4,5,5
854,2023-06-13 00:00:00,146,17,4,4,5,5
855,2023-06-29 00:00:00,146,17,4,4,5,5
856,2023-07-01 00:00:00,146,17,4,4,5,5
857,2023-07-13 00:00:00,146,17,4,4,5,5
858,2023-07-29 00:00:00,146,17,4,4,5,5
859,2023-08-01 00:00:00,146,17,4,4,5,5
860,2023-08-13 00:00:00,146,17,4,4,5,5
861,2023-08-29 00:00:00,146,17,4,4,5,5
862,2023-09-01 00:00:00,146,17,4,4,5,5
863,2023-09-13 00:00:00,146,17,4,4,5,5
864,2023-09-29 00:00:00,146,17,4,4,5,5
865,2023-10-01 00:00:00,146,17,4,4,5,5
866,2023-10-13 00:00:00,146,17,4,4,5,5
867,2023-10-29 00:00:00,146,17,4,4,5,5
868,2023-11-01 00:00:00,146,17,4,4,5,5
869,2023-11-13 00:00:00,146,17,4,4,5,5
870,2023-11-29 00:00:00,146,17,4,4,5,5
871,2023-12-01 00:00:00,146,17,4,4,5,5
872,2023-12-13 00:00:00,146,17,4,4,5,5
873,2023-12-29 00:00:00,146,17,4,4,5,5
874,2024-01-01 00:00:00,146,17,4,4,5,5
875,2024-01-13 00:00:00,146,17,4,4,5,5
882,2024-03-29 00:00:00,146,18,2,4,5,5
884,2024-04-13 00:00:00,146,17,3,4,4,5
890,2024-06-13 00:00:00,146,14,0,4,4,5
893,2024-08-10 00:00:00,146,15,1,4,5,5
894,2024-08-11 00:00:00,146,15,1,4,1,4
899,2022-07-29 00:00:00,145,17,0,4,4,4
906,2022-10-01 00:00:00,145,18,1,4,4,5
907,2022-10-13 00:00:00,145,18,4,4,3,5
908,2022-10-29 00:00:00,145,16,1,4,1,5
913,2022-12-13 00:00:00,145,18,0,4,2,4
916,2023-01-13 00:00:00,145,17,2,4,3,4
918,2023-02-01 00:00:00,145,17,4,4,5,5
919,2023-02-13 00:00:00,145,17,4,4,5,5
920,2023-02-27 00:00:00,145,17,4,4,5,5
921,2023-03-01 00:00:00,145,17,4,4,5,5
922,2023-03-13 00:00:00,145,17,4,4,5,5
923,2023-03-29 00:00:00,145,17,4,4,5,5
924,2023-04-01 00:00:00,145,17,4,4,5,5
925,2023-04-13 00:00:00,145,17,4,4,5,5
926,2023-04-29 00:00:00,145,17,4,4,5,5
927,2023-05-01 00:00:00,145,17,4,4,5,5
928,2023-05-13 00:00:00,145,17,4,4,5,5
929,2023-05-29 00:00:00,145,17,4,4,5,5
930,2023-06-01 00:00:00,145,17,4,4,5,5
931,2023-06-13 00:00:00,145,17,4,4,5,5
932,2023-06-29 00:00:00,145,17,4,4,5,5
933,2023-07-01 00:00:00,145,17,4,4,5,5
934,2023-07-13 00:00:00,145,17,4,4,5,5
935,2023-07-29 00:00:00,145,17,4,4,5,5
936,2023-08-01 00:00:00,145,17,4,4,5,5
937,2023-08-13 00:00:00,145,17,4,4,5,5
938,2023-08-29 00:00:00,145,17,4,4,5,5
939,2023-09-01 00:00:00,145,17,4,4,5,5
940,2023-09-13 00:00:00,145,17,4,4,5,5
941,2023-09-29 00:00:00,145,17,4,4,5,5
942,2023-10-01 00:00:00,145,17,4,4,5,5
943,2023-10-13 00:00:00,145,17,4,4,5,5
944,2023-10-29 00:00:00,145,17,4,4,5,5
945,2023-11-01 00:00:00,145,17,4,4,5,5
946,2023-11-13 00:00:00,145,17,4,4,5,5
947,2023-11-29 00:00:00,145,17,4,4,5,5
948,2023-12-01 00:00:00,145,17,4,4,5,5
949,2023-12-13 00:00:00,145,17,4,4,5,5
950,2023-12-29 00:00:00,145,17,4,4,5,5
951,2024-01-01 00:00:00,145,17,4,4,5,5
952,2024-01-13 00:00:00,145,17,4,4,5,5
959,2024-03-29 00:00:00,145,18,2,4,5,5
961,2024-04-13 00:00:00,145,17,3,4,4,5
967,2024-06-13 00:00:00,145,14,0,4,4,5
970,2024-08-10 00:00:00,145,15,1,4,5,5
971,2024-08-11 00:00:00,145,15,1,4,1,4
976,2022-07-29 00:00:00,144,17,0,4,4,4
983,2022-10-01 00:00:00,144,18,1,4,4,5
984,2022-10-13 00:00:00,144,18,4,4,3,5
985,2022-10-29 00:00:00,144,16,1,4,1,5
990,2022-12-13 00:00:00,144,18,0,4,2,4
993,2023-01-13 00:00:00,144,17,2,4,3,4
995,2023-02-01 00:00:00,144,17,4,4,5,5
996,2023-02-13 00:00:00,144,17,4,4,5,5
997,2023-02-27 00:00:00,144,17,4,4,5,5
998,2023-03-01 00:00:00,144,17,4,4,5,5
999,2023-03-13 00:00:00,144,17,4,4,5,5
1000,2023-03-29 00:00:00,144,17,4,4,5,5
1001,2023-04-01 00:00:00,144,17,4,4,5,5
1002,2023-04-13 00:00:00,144,17,4,4,5,5
1003,2023-04-29 00:00:00,144,17,4,4,5,5
1004,2023-05-01 00:00:00,144,17,4,4,5,5
1005,2023-05-13 00:00:00,144,17,4,4,5,5
1006,2023-05-29 00:00:00,144,17,4,4,5,5
1007,2023-06-01 00:00:00,144,17,4,4,5,5
1008,2023-06-13 00:00:00,144,17,4,4,5,5
1009,2023-06-29 00:00:00,144,17,4,4,5,5
1010,2023-07-01 00:00:00,144,17,4,4,5,5
1011,2023-07-13 00:00:00,144,17,4,4,5,5
1012,2023-07-29 00:00:00,144,17,4,4,5,5
1013,2023-08-01 00:00:00,144,17,4,4,5,5
1014,2023-08-13 00:00:00,144,17,4,4,5,5
1015,2023-08-29 00:00:00,144,17,4,4,5,5
1016,2023-09-01 00:00:00,144,17,4,4,5,5
1017,2023-09-13 00:00:00,144,17,4,4,5,5
1018,2023-09-29 00:00:00,144,17,4,4,5,5
1019,2023-10-01 00:00:00,144,17,4,4,5,5
1020,2023-10-13 00:00:00,144,17,4,4,5,5
1021,2023-10-29 00:00:00,144,17,4,4,5,5
1022,2023-11-01 00:00:00,144,17,4,4,5,5
1023,2023-11-13 00:00:00,144,17,4,4,5,5
1024,2023-11-29 00:00:00,144,17,4,4,5,5
1025,2023-12-01 00:00:00,144,17,4,4,5,5
1026,2023-12-13 00:00:00,144,17,4,4,5,5
1027,2023-12-29 00:00:00,144,17,4,4,5,5
1028,2024-01-01 00:00:00,144,17,4,4,5,5
1029,2024-01-13 00:00:00,144,17,4,4,5,5
1036,2024-03-29 00:00:00,144,18,2,4,5,5
1038,2024-04-13 00:00:00,144,17,3,4,4,5
1044,2024-06-13 00:00:00,144,14,0,4,4,5
1047,2024-08-10 00:00:00,144,15,1,4,5,5
1048,2024-08-11 00:00:00,144,15,1,4,1,4
1053,2022-07-29 00:00:00,143,17,0,4,3,4
1060,2022-10-01 00:00:00,143,18,3,4,2,4
1067,2022-12-13 00:00:00,143,15,0,4,5,5
1069,2023-01-01 00:00:00,143,18,4,4,4,4
1072,2023-02-01 00:00:00,143,17,4,4,5,5
1073,2023-02-13 00:00:00,143,17,4,4,5,5
1074,2023-02-27 00:00:00,143,17,4,4,5,5
1075,2023-03-01 00:00:00,143,17,4,4,5,5
1076,2023-03-13 00:00:00,143,17,4,4,5,5
1077,2023-03-29 00:00:00,143,17,4,4,5,5
1078,2023-04-01 00:00:00,143,17,4,4,5,5
1079,2023-04-13 00:00:00,143,17,4,4,5,5
1080,2023-04-29 00:00:00,143,17,4,4,5,5
1081,2023-05-01 00:00:00,143,17,4,4,5,5
1082,2023-05-13 00:00:00,143,17,4,4,5,5
1083,2023-05-29 00:00:00,143,17,4,4,5,5
1084,2023-06-01 00:00:00,143,17,4,4,5,5
1085,2023-06-13 00:00:00,143,17,4,4,5,5
1086,2023-06-29 00:00:00,143,17,4,4,5,5
1087,2023-07-01 00:00:00,143,17,4,4,5,5
1088,2023-07-13 00:00:00,143,17,4,4,5,5
1089,2023-07-29 00:00:00,143,17,4,4,5,5
1090,2023-08-01 00:00:00,143,17,4,4,5,5
1091,2023-08-13 00:00:00,143,17,4,4,5,5
1092,2023-08-29 00:00:00,143,17,4,4,5,5
1093,2023-09-01 00:00:00,143,17,4,4,5,5
1094,2023-09-13 00:00:00,143,17,4,4,5,5
1095,2023-09-29 00:00:00,143,17,4,4,5,5
1096,2023-10-01 00:00:00,143,17,4,4,5,5
1097,2023-10-13 00:00:00,143,17,4,4,5,5
1098,2023-10-29 00:00:00,143,17,4,4,5,5
1099,2023-11-01 00:00:00,143,17,4,4,5,5
1100,2023-11-13 00:00:00,143,17,4,4,5,5
1101,2023-11-29 00:00:00,143,17,4,4,5,5
1102,2023-12-01 00:00:00,143,17,4,4,5,5
1103,2023-12-13 00:00:00,143,17,4,4,5,5
1104,2023-12-29 00:00:00,143,17,4,4,5,5
1105,2024-01-01 00:00:00,143,17,4,4,5,5
1106,2024-01-13 00:00:00,143,17,4,4,5,5
1116,2024-04-29 00:00:00,143,18,3,4,5,4
1118,2024-05-13 00:00:00,143,17,3,4,5,4
1121,2024-06-13 00:00:00,143,16,2,4,4,4
1124,2024-08-10 00:00:00,143,17,3,4,5,5
1125,2024-08-11 00:00:00,143,16,4,4,2,4
1130,2022-07-29 00:00:00,142,18,3,4,1,4
1139,2022-10-29 00:00:00,142,18,1,4,5,4
1142,2022-11-29 00:00:00,142,16,0,4,4,5
1144,2022-12-13 00:00:00,142,15,0,4,2,4
1146,2023-01-01 00:00:00,142,17,1,4,5,4
1147,2023-01-13 00:00:00,142,16,4,4,4,5
1148,2023-01-29 00:00:00,142,15,2,4,3,2
1150,2023-02-13 00:00:00,142,17,4,4,5,5
1151,2023-02-27 00:00:00,142,17,4,4,5,5
1152,2023-03-01 00:00:00,142,17,4,4,5,5
1153,2023-03-13 00:00:00,142,17,4,4,5,5
1154,2023-03-29 00:00:00,142,17,4,4,5,5
1155,2023-04-01 00:00:00,142,17,4,4,5,5
1156,2023-04-13 00:00:00,142,17,4,4,5,5
1157,2023-04-29 00:00:00,142,17,4,4,5,5
1158,2023-05-01 00:00:00,142,17,4,4,5,5
1159,2023-05-13 00:00:00,142,17,4,4,5,5
1160,2023-05-29 00:00:00,142,17,4,4,5,5
1161,2023-06-01 00:00:00,142,17,4,4,5,5
1162,2023-06-13 00:00:00,142,17,4,4,5,5
1163,2023-06-29 00:00:00,142,17,4,4,5,5
1164,2023-07-01 00:00:00,142,17,4,4,5,5
1165,2023-07-13 00:00:00,142,17,4,4,5,5
1166,2023-07-29 00:00:00,142,17,4,4,5,5
1167,2023-08-01 00:00:00,142,17,4,4,5,5
1168,2023-08-13 00:00:00,142,17,4,4,5,5
1169,2023-08-29 00:00:00,142,17,4,4,5,5
1170,2023-09-01 00:00:00,142,17,4,4,5,5
1171,2023-09-13 00:00:00,142,17,4,4,5,5
1172,2023-09-29 00:00:00,142,17,4,4,5,5
1173,2023-10-01 00:00:00,142,17,4,4,5,5
1174,2023-10-13 00:00:00,142,17,4,4,5,5
1175,2023-10-29 00:00:00,142,17,4,4,5,5
1176,2023-11-01 00:00:00,142,17,4,4,5,5
1177,2023-11-13 00:00:00,142,17,4,4,5,5
1178,2023-11-29 00:00:00,142,17,4,4,5,5
1179,2023-12-01 00:00:00,142,17,4,4,5,5
1180,2023-12-13 00:00:00,142,17,4,4,5,5
1181,2023-12-29 00:00:00,142,17,4,4,5,5
1182,2024-01-01 00:00:00,142,17,4,4,5,5
1183,2024-01-13 00:00:00,142,17,4,4,5,5
1191,2024-04-01 00:00:00,142,17,3,4,5,5
1193,2024-04-29 00:00:00,142,16,3,4,5,5
1194,2024-05-01 00:00:00,142,18,4,4,5,5
513,2022-07-13 00:00:00,150,17,4,3,2,5
517,2022-08-29 00:00:00,150,16,3,4,1,5
518,2022-09-01 00:00:00,150,15,2,3,1,5
521,2022-10-01 00:00:00,150,18,3,4,3,5
523,2022-10-29 00:00:00,150,17,4,3,3,4
525,2022-11-13 00:00:00,150,17,1,4,4,4
530,2023-01-01 00:00:00,150,18,2,3,5,4
533,2023-02-01 00:00:00,150,18,4,4,2,5
535,2023-02-27 00:00:00,150,15,0,3,3,5
538,2023-03-29 00:00:00,150,16,1,4,1,5
540,2023-04-13 00:00:00,150,17,2,3,3,4
541,2023-04-29 00:00:00,150,17,2,4,2,4
547,2023-06-29 00:00:00,150,18,4,3,1,4
557,2023-10-01 00:00:00,150,18,4,4,1,4
567,2024-01-13 00:00:00,150,18,4,3,1,4
569,2024-02-01 00:00:00,150,15,0,4,3,5
572,2024-03-01 00:00:00,150,16,1,3,1,5
574,2024-03-29 00:00:00,150,17,2,4,3,4
575,2024-04-01 00:00:00,150,17,2,3,2,4
581,2024-06-01 00:00:00,150,18,4,4,1,4
593,2022-08-13 00:00:00,149,17,3,3,5,4
595,2022-09-01 00:00:00,149,17,0,4,4,4
596,2022-09-13 00:00:00,149,16,3,3,2,5
599,2022-10-13 00:00:00,149,17,2,4,3,4
604,2022-12-01 00:00:00,149,18,1,3,1,4
605,2022-12-13 00:00:00,149,16,3,4,5,4
649,2024-03-01 00:00:00,149,17,0,3,1,5
650,2024-03-13 00:00:00,149,15,0,4,1,4
667,2022-07-13 00:00:00,148,16,2,3,1,4
671,2022-08-29 00:00:00,148,17,1,4,5,5
673,2022-09-13 00:00:00,148,18,4,3,4,4
674,2022-09-29 00:00:00,148,16,3,4,5,4
675,2022-10-01 00:00:00,148,17,2,3,4,4
676,2022-10-13 00:00:00,148,18,3,4,1,5
728,2024-03-29 00:00:00,148,17,3,3,5,5
733,2024-05-13 00:00:00,148,18,4,4,4,4
740,2024-08-11 00:00:00,148,18,3,3,5,5
741,2024-08-14 00:00:00,148,16,3,4,4,4
743,2022-07-01 00:00:00,147,17,4,3,4,4
744,2022-07-13 00:00:00,147,18,4,4,5,4
745,2022-07-29 00:00:00,147,18,0,3,4,5
751,2022-09-29 00:00:00,147,17,2,4,5,4
752,2022-10-01 00:00:00,147,18,2,3,4,5
753,2022-10-13 00:00:00,147,18,0,4,5,5
755,2022-11-01 00:00:00,147,18,2,3,1,4
801,2024-02-13 00:00:00,147,16,2,4,3,5
806,2024-04-01 00:00:00,147,14,2,3,1,5
812,2024-06-01 00:00:00,147,18,0,4,1,4
816,2024-08-10 00:00:00,147,18,3,3,1,4
831,2022-10-29 00:00:00,146,18,1,4,2,4
833,2022-11-13 00:00:00,146,17,3,3,5,4
834,2022-11-29 00:00:00,146,16,2,4,4,5
835,2022-12-01 00:00:00,146,18,2,3,2,4
839,2023-01-13 00:00:00,146,17,3,4,4,4
880,2024-03-01 00:00:00,146,17,0,3,1,4
881,2024-03-13 00:00:00,146,16,4,4,5,5
883,2024-04-01 00:00:00,146,18,3,3,1,5
889,2024-06-01 00:00:00,146,18,1,4,2,5
898,2022-07-13 00:00:00,145,18,1,3,1,5
902,2022-08-29 00:00:00,145,15,1,4,5,4
903,2022-09-01 00:00:00,145,18,0,3,4,4
912,2022-12-01 00:00:00,145,18,2,4,5,5
917,2023-01-29 00:00:00,145,18,1,3,3,5
957,2024-03-01 00:00:00,145,17,0,4,1,4
958,2024-03-13 00:00:00,145,16,4,3,5,5
960,2024-04-01 00:00:00,145,18,3,4,1,5
966,2024-06-01 00:00:00,145,18,1,3,2,5
975,2022-07-13 00:00:00,144,18,1,4,1,5
979,2022-08-29 00:00:00,144,15,1,3,5,4
980,2022-09-01 00:00:00,144,18,0,4,4,4
989,2022-12-01 00:00:00,144,18,2,3,5,5
994,2023-01-29 00:00:00,144,18,1,4,3,5
1034,2024-03-01 00:00:00,144,17,0,3,1,4
1035,2024-03-13 00:00:00,144,16,4,4,5,5
1037,2024-04-01 00:00:00,144,18,3,3,1,5
1043,2024-06-01 00:00:00,144,18,1,4,2,5
1052,2022-07-13 00:00:00,143,17,2,3,2,4
1054,2022-08-01 00:00:00,143,17,2,4,3,4
1056,2022-08-29 00:00:00,143,14,0,3,2,5
1057,2022-09-01 00:00:00,143,16,3,4,4,5
1059,2022-09-29 00:00:00,143,14,0,3,3,5
1061,2022-10-13 00:00:00,143,16,0,4,5,4
1066,2022-12-01 00:00:00,143,16,0,3,1,4
1068,2022-12-29 00:00:00,143,18,3,4,5,4
1071,2023-01-29 00:00:00,143,14,0,3,4,5
1110,2024-02-29 00:00:00,143,15,1,4,4,5
1119,2024-05-29 00:00:00,143,14,1,3,4,5
1122,2024-06-29 00:00:00,143,14,1,4,2,4
1123,2024-08-09 00:00:00,143,17,0,3,5,4
1126,2024-08-14 00:00:00,143,16,4,4,3,5
1128,2022-07-01 00:00:00,142,18,4,3,2,4
1136,2022-09-29 00:00:00,142,14,2,4,4,5
1137,2022-10-01 00:00:00,142,16,3,3,5,5
1140,2022-11-01 00:00:00,142,14,0,4,5,5
1141,2022-11-13 00:00:00,142,16,2,3,2,4
1145,2022-12-29 00:00:00,142,16,2,4,4,5
1149,2023-02-01 00:00:00,142,17,4,3,5,5
1185,2024-02-01 00:00:00,142,18,1,4,1,5
1186,2024-02-13 00:00:00,142,17,1,3,3,5
1195,2024-05-13 00:00:00,142,15,0,4,3,4
1196,2024-05-29 00:00:00,142,16,3,3,5,4
1202,2024-08-11 00:00:00,142,18,3,4,2,5